博主昵称,微博内容,微博来源,转发,评论,赞,id
赵先生的追求,支持国货#支持新疆棉的国货品牌# L赵先生的追求的微博视频,微博视频号,0,0,1,0
用户5462313156,下了一堆国产新疆棉的日用品衣服的单舒服了,iPhone客户端,0,0,0,1
旺仔牛奶咖啡杯,"#新疆棉有多受欢迎# 新 疆棉特别受欢迎,大部分纺织产品需要棉花!质量又好,又是纯棉的这么好",华为畅享10 Plus,0,0,0,2
种花家的死忠粉,"我去,不数不知道,一数吓一跳,我真TM太能买买买了,我是怎么做到三年买26双斯凯奇的鞋的?以后一定一定一定要节约,千万不能冲动消费。( 我npy:所以你话音刚落转身就在薇娅直播间买了新疆棉被子和袜子?)",HUAWEI P40 Pro+ 5G,0,0,1,3
娱乐圈小伙,"#新疆棉有多受欢迎#今晚看薇娅还挺有收获的,我们的新疆棉原来这么厉害,五件衣服里面,就会有一件是新疆棉,我们必须要支持新疆棉! L娱圈明哥的微博视频",iPhone客户端,14,17,15,4
集体主义罗大盾,"新疆棉一夜间长势喜人,原因竟是...",HUAWEI P30,0,3,1,5
最爱麻辣自嗨锅,"#新疆棉有多受欢迎# 新疆棉这么好的质量,还愁不受欢迎嘛,相信大家的眼光都是雪亮的,好东西永远都是好东西。",微博国际版,0,0,0,6
总是发脾气啦,"#新疆棉有多受欢迎# 厉害了厉害了,就喜欢新疆棉制品的东西,穿着会很舒服的,好好看喜欢,品质优良,肯定受欢迎。",NEX 3,0,0,0,7
青青芒子,"新疆棉必须支持,而且质量都很好",荣耀Play 让快更快,0,0,0,8
是我喜欢的养乐多可可,"#新疆棉有多受欢迎#好的东西肯定受欢迎啦!支持新 疆棉,做出来的袜子真的很舒服很暖",Android,0,0,0,9
天下无双之天使,"冒雨来健身☔️边健身边想:每个中国家庭👪做两床新疆棉被子,也不知道新疆的棉花够不够... 2天津",iPhone客户端,0,0,0,10
款爷-PEACEMINUSONE,"#汪涵安利新疆长绒棉#咱们新疆的长绒棉真的很不错,涵哥也一直都在默默支持着国货,而且我现在越来越了解长绒棉的优点了,以后我也只穿新疆棉制造的衣服了",iPhone客户端,0,0,0,11
新疆生态环境厅,"深度关注丨众志成城的新疆棉新疆,是一片棉花生长的沃土。每至金秋,天山南北万顷“棉海”进入采收旺季,雪白饱满的棉团如白头浪层层滚来,直接天际。棉田里,采棉机将朵朵棉絮卷成形同巨蛋的棉包,一派丰收景象。O深度关注丨众志成城的新疆棉 2乌鲁木齐",荣耀30S 5G 美由芯生,3,0,2,12
-烤面包的小鱼,"#新疆棉有多受欢迎# 新疆的棉花最近真的是掀起了一股热风,以前都是用我们当地的棉花,最近听别人说新疆的棉花真的非常好用,我现在已经疯狂的在收入了,没想到这么难抢。",微博极速版,0,0,0,13
吃瓜Mark,"#新疆棉有多受欢迎# 看薇娅直播间的新疆棉卖得不错,主要是新疆棉质量本来就很棒,尤其是她们的优质长绒棉。 L吃瓜Mark的微博视频",微博视频号,61,65,66,14
Sunshine晴天68,"#薇娅直播间#今晚新疆棉的直播让我对微娅小姐姐深深的爱上了,以前虽然也会看,但是是偶尔,今天彻底改观,明天零食节必须来  ",HUAWEI P40 Pro 5G,2,0,0,15
二万超可,#支持新疆棉的国货品牌# #hm替代品合集# //@张新成:#我支持新疆棉花#,荣耀V10 我AI的快,0,0,0,16
阖胡安,"回音zzang//@MellowDeep金在奂中文首站:与厂家约定,本睡衣特典将全部采用新疆棉布料制作。 查看图片",尽欢🍃Android,0,0,0,17
买一个梦想阿,薇娅这次直播上新疆棉制品 真是太有心了,联想Z5 · 新国民旗舰,0,0,0,18
我是一个小可爱1997,#新疆棉有多受欢迎# 果然好东西都是被人人都喜欢的呀!支持新疆棉,iPhone客户端,0,1,0,19
Blingbling今天辞职了吗,"支持新疆棉,爱吃新疆菜",iPhone客户端,0,0,3,20
鱿鱿鱿鱿鱼丝,"新疆棉制品品质一流,必须支持",iPhone客户端,0,0,0,21
养三只猫两条狗,"#新疆棉有多受欢迎#其实我们日常生活中有很多东西都是用新疆棉做的,质量真的没话说,以后就认准新疆棉了。L娱圈前线的微博视频",iPhone客户端,0,0,0,22
MRForester司南,"#带着微博去西双版纳##我为什么支持新疆棉# 清风野食,这一回,我们将餐桌搬到飞龙岛。日落之前,我们寄身山水,天黑以后,我们属于时间。#西双版纳##打卡##野奢之旅# 2云南省·西双版纳傣族自治州 LMRForester司南的微博视频",iPhone客户端,0,0,0,23
我爱吃蛋挞qx,"#薇娅直播间# 爱了爱了,刚下了新疆棉洗脸巾,期待明天的零食#薇娅直播间# #薇娅直播间#",荣耀 Play4T Pro,0,0,0,24
R赴嘉R,力挺新疆棉#任嘉伦马克华菲品牌代言人# @任嘉伦Allen,vivo Y5s 闪充强续航,0,0,0,25
圈内霸霸,"#新疆棉有多受欢迎# 听到新疆的产棉量占了全世界的1/5时,真的好自豪,新疆棉绝对的首选,品质保证了,我支持新疆棉花!支持国货 L娱小花花的微博视频",微博视频号,116,84,60,26
无敌小唢呐,"//@SHANE_HanZ:【吴宣仪代言品牌中无一加入bci❗】事到如今bci涉事品牌均态度强硬拒不道歉,某些人却在维护国家形象的关头将矛头直指与本次事件无关的明星,为涉事品牌转移视线祸水东引?当爱国成了你攻击无辜同胞的旗号,饭圈的你还记得自己作为中国人在本次新疆棉事件的初心吗?",吴选老婆的Android,0,0,0,27
干锅茶树菇腊肉香菇,"#沈梦辰穿李宁支持新疆棉#真的很棒啊,是个正能量的艺人啊,而且这个衣服很适合她啊#沈梦辰衣服上写着中国#",nova7SE 5G你在焦点在,0,0,0,28
-壹加壹等于贰,"#新疆棉有多受欢迎# 中国人当然要支持国产的棉花了,它真的是特别的好用,光看这难抢的程度就能看出来它的产量,高质量也特别的好。",微博极速版,0,0,0,29
想去海边的小贝壳,"#艾福杰尼说只能盖新疆棉被睡觉#我们的新疆棉就是最好的!新疆景色好,人也好,东西也好,艾福杰尼直播说自己家乡的棉花盖过了都不想盖别的,看了立马也想下单一床了!L娱乐News的微博视频",iPhone客户端,0,0,0,30
马原真的好难啊,"#汪涵安利新疆长绒棉#涵哥早就在直播间安利过新疆棉的,真的是一个非常有心的明星了啊,支持涵哥啊",OPPO Reno Z,0,0,0,31
Heygirl-994,"#新疆棉有多受欢迎# 新疆棉就是该这么受欢迎,棉花那么的美,质量又是那么的优质,谁不爱呢",HUAWEI P40 Pro 5G,0,0,0,32
吴小弈7,新疆棉更多的是一场媒体的狂欢,iPhone客户端,0,0,0,33
愛吃飛魚的貓,#新疆棉# #O绿洲,绿洲APP,0,0,0,34
青岩花岗岩,这小破游戒不掉的一个原因可能就是太根正苗红了#支持新疆棉的国货品牌#,nova6SE好看拍出来看,0,0,1,35
月亮又变胖了,"支持新疆棉,冲鸭",vivo S1照亮你的美,0,0,0,36
星宝日报Zoe,"#冒个泡##星宝日报 社会# 用实际行动支持新疆棉,下单买了🇨🇳 !中国威武",HUAWEI P40 Pro+ 5G,0,1,1,37
张小肉不吃肉,谁说中国女生离不开H&M?搞笑!支持新疆棉就是支持我们自己!#支持新疆棉的国货品牌# #理智抵制拒绝暴力# #失去中国市场会对品牌造成多大影响# #新疆棉花为什么重要# #我支持新疆棉花# #国产服装品牌将迎哪些机会# L张小肉不吃肉的微博视频,微博视频号,0,0,12,38
花夭之梦,一看我们的新疆棉就是质量特别棒,,0,0,0,39
橙LI-,"#新疆棉有多受欢迎#用我们新疆棉花做出来的衣服质量没话说啊,外国人不懂欣赏真是可惜,支持新疆棉花。",OPPO A5,0,0,0,40
泰坦买了一箱养乐多和旺仔牛奶,#新疆棉有多受欢迎# !!我们超级喜欢的一种棉花 有些人你不要不识好歹哦!这个棉花服务了我们一辈子 我们感激还来不及呢,vivo Y30,0,0,0,41
四季沐歌_168,"#新疆棉有多受欢迎# 看来大家的热情都很高涨,我都没有抢到,太难抢了,我们一起努力支持新疆棉花。",OPPO随光而变R17,0,0,0,42
小可爱的爱呢,"#新疆棉有多受欢迎# 其实咱们日常生活中很多东西都是用新疆棉做的,而且用起来都是非常舒服的,这次的新疆棉事件就算是为我们新疆棉再次提高知名度吧,也不亏L娱圈前线的微博视频",iPhone客户端,0,0,0,43
一鸣耀京城,#护疆棉盟成员特步# 支持国货!支持新疆棉!,丞星⭐ 的Android,0,0,0,44
昵称无昵称无,"这速度确认过了,是大家真的想要支持新疆棉",新浪微博4G版,0,0,0,45
椰菠72,"哈哈,新疆棉多好啊,那它的产品肯定也很好啊,抢不到就有点难受了",vivo智能手机,0,0,0,46
我们的青春热血,#新疆棉有多受欢迎#新 疆的棉花质量好着呢!而且用它做的被子真的好暖哦。,微评,0,0,1,47
北京五道口校园,"#五道口夜聊##我为什么支持新疆棉#中国人民大学撤掉操场 Nike 广告,大家觉得我们学生可以为这件事做些什么呢?",海淀五超越Android,0,3,32,48
狼牙交错,"【新疆棉事件】触碰了中国民族底线,必须斗争到底,不获胜利,绝不收兵! 评论配图",HUAWEI P30,0,1,1,49
草莓芝士榛子酥,"以前从来没意识到,这么多产品是新疆棉",微博国际版,0,0,0,50
-迪士尼在逃城堡-,//@晚安311311:#中纺联发声反对污名化新疆棉行径#,HUAWEI P30,0,0,0,51
海猫要吃小鱼干和旺仔牛奶,"#新疆棉有多受欢迎# 新疆棉一直都很好呀,咱们衣服袜子都来自新疆棉,穿着都很舒服的!产量也高!",微博国际版,0,0,0,52
努力搬砖买手机,"新疆棉真的好舒服的,我家孩子衣服都是新疆棉",小米Max3 大屏大电量,0,0,0,53
多喝伊利纯牛奶白白胖胖,"#新疆棉有多受欢迎# 不管了,以后我就认准新疆棉了,质量真心好,尤其我们薇娅姐姐都说好,值得期待。L八哥的微博视频",iPhone客户端,0,0,0,54
洁宝的空间,"#薇娅直播间# 支持新疆棉,迎接薇娅零食节!",荣耀V30 5G,0,0,0,55
老赵的新家,"新疆棉品质就是好,享誉国内外",Android,0,0,0,56
迷路的小女孩啊,"#新疆棉有多受欢迎#新疆棉质量就是很好啊,很多国货都用的新疆棉,质量上乘,谁看了不想要呢",微博国际版,0,0,0,57
白桃烏龍momoko,"支持中国李宁,支持新疆棉",HUAWEI Mate30 Pro 5G,0,0,1,58
紫色妖月憨桃,"#支持新疆棉的国货品牌# 支持中国品牌,恭喜肖战成为李宁品牌代言人#肖战李宁运动潮流产品全球代言人# @X玖少年团肖战DAYTOY",OPPO Reno4 5G,0,0,0,59
盖世英雄也爱初雪,"#新疆棉有多受欢迎# 新疆棉花确实很不错呀,去年朋友买过一床被子,超级贴身暖和",vivo S5照亮你的美,0,0,0,60
宁宁小朋友真淘气拉面说,"#新疆棉有多受欢迎# 听了薇娅姐的科普真的是受益匪浅,看样子这种新疆棉的品质质量应该不会差不过很可惜抢不到呀",荣耀 9X,0,0,0,61
wyp云,支持新疆棉#薇娅直播间#,nova6SE好看拍出来看,0,0,0,62
我家有小沫,"#新疆棉有多受欢迎# 之前就买过很多新疆棉制的衣服和被子,穿在身上特别舒服。 真的很不错",微博国际版,0,0,0,63
berty-yo,"嘻嘻,火速赶来,支持国产,支持新疆棉,国产就是好",HUAWEI Mate 8,0,0,0,64
种草藏宝阁,"#我的第一条微博# #支持新疆棉的国货品牌# 路遥知马力,日久见人心。希望能成为你的好朋友,希望你能喜欢我分享的东东,喜欢种草藏宝阁小姐姐~",我的第一条微博超话,0,0,1,65
水镜清荷,"薇娅直播间 O明晚8点 , 我将在#薇娅直播间# 先行开启一场新疆棉制品公益专场,向大家推荐来自我们中国新疆的优质棉花制品,感谢全国妇联宣传部,全国青联对这次公益活动的支持,我们明晚不见不散!@共青团中央 @全国妇联女性之声 @全国青联",iPhone客户端,0,0,0,66
土豆你个地瓜滚,原来新疆棉的用途这么广泛,微博国际版,0,0,0,67
小猪不吃屁,支持国货!!支持新疆棉!!姐姐真的好可️,iPhone客户端,0,0,0,68
不是那个大鹏的大鹏,#薇娅直播间# #支持新疆棉的国货品牌# #薇娅# @薇娅viyaaa 快快抽我,iPhone客户端,0,0,0,69
小小鸟张胖妞,"支持新疆棉制品,支持薇娅,爱你@薇娅viyaaa",iPhone客户端,0,0,0,70
肖战事件受害者永远不闭嘴,"哈哈哈哈哈哈哈一顿操作猛如虎,一看战绩零杠五//@失踪日记作者小皓:王炸+4个2 在手上,结果出了个3🤗~大概就这样,李宁别想趁乱洗白土豆,支持国货≠一定要支持李宁,不支持李宁≠抵制国货,抵制禁用新疆棉品牌=抵制的核心≠必须支持李宁",红米Redmi,0,0,1,71
我爱过你呢,"#新疆棉有多受欢迎# 抢不到呀支持新疆棉,支持薇娅",vivo X23 AI非凡摄影,0,0,0,72
三千芝士云多多,"#新疆棉有多受欢迎#在薇娅那听了她对新疆棉的介绍,不由的感叹我们的新疆棉是真的很不错,新疆棉做的衣服穿起来更是柔软舒适。L娱圈前线的微博视频",iPhone客户端,0,0,0,73
软耳朵柠檬兔,"为我们的新疆棉感到骄傲,自豪",荣耀 9X,0,0,0,74
一喝喝一排养乐多,#新疆棉有多受欢迎#新疆棉品质真的是超级好!特别舒服!光看那么难抢就知道了!做为中国人 我会一直喜欢并支持新疆棉!,iPhone客户端,0,0,1,75
喜欢吃玉米的兔子HY,"  带#薇娅直播间#明晚又可以买好多,今天新疆棉也买了好多,要破产",iPhone客户端,0,0,0,76
年少可不轻狂,"#新疆棉有多受欢迎# 必须支持了,新疆棉就是最好最舒适的,以后买纺织类的,就认这个了就该受欢迎",HUAWEI P40 Pro 5G,0,0,0,77
要嗨就吃自嗨锅,"#新疆棉有多受欢迎#新疆棉花做出来的面料舒服,当然受大众喜欢啦,大家买回家的衣服裤子袜子之类的东西,都希望可以舒舒服服的!",iPhone客户端,0,0,0,78
努力实现泡芙自由i,"#新疆棉有多受欢迎# 也正是因为在这样的关键时刻,所以更应该表明自己的立场跟决心才可以,我觉得我们国家的东西永远都是质量最好的",nova 5i Pro,0,0,0,79
红尘颠倒的凉子酱,"#薇娅直播间# 支持新疆棉,支持薇娅",iPhone客户端,0,0,0,80
YanShenorange,"#新疆棉有多受欢迎#新疆棉有一颗 🇨🇳❤️ ,中国人都爱新疆棉呀。中国制造越来越高端,原料当然是基础,新疆的气候种出的棉花真的杠杠滴。",vivo X27,0,0,0,81
橘子比桔子好吃,今晚的新疆棉制品还是挺实用的,新浪微博4G版,0,0,0,82
go微笑的呆萌小哥,"#新疆棉有多受欢迎#品质真的绝了啊啊,超级让人佩服了,妥妥棒哒哒的哦",Android,0,0,1,83
肖肖64452,速来#薇娅直播间# 新疆棉制品公益专场+母婴专场来啦!,小米10,0,0,0,84
氧吧森林,#新疆棉有多受欢迎# 棉花还是新 疆 的好!这一次让大家看见了新 疆棉花的好!它的深加工产 品真的很不错!,OPPO Reno5 Pro 5G,0,0,1,85
综艺有点料,"#新疆棉有多受欢迎# 新疆棉不是因为昨天上热门,或者在薇娅直播间等原因才卖得好,以前就很有名的。 L综艺有点料的微博视频",微博视频号,68,71,103,86
忒搞拉面說,"#新疆棉有多受欢迎# 刚看到了一个科普知识,听说新疆棉的产量在全世界中都要占到快1/5了,想不到我大新疆也这么厉害。",iPhone客户端,0,0,0,87
天恒成巧迪君君,"薇娅公益,支持新疆棉",HUAWEI P40 5G,0,0,0,88
麻薯糯米团团子,新疆棉质量是真的好啊 我刚刚也没抢到,iPhone客户端,0,0,0,89
xiaoxiaonini09,  带#薇娅直播间#支持新疆棉,iPhone客户端,0,0,1,90
星星亦草草,在薇娅直播间学到了很多新疆棉的知识,前置双摄vivo X9,0,0,0,91
水镜清荷,"薇娅直播间新疆棉制品公益专场+母婴专场来啦! 今晚#薇娅直播间#,超多爆款好物!支持新疆棉花,速来!微博直播",iPhone客户端,0,0,0,92
田杰TJ,"《新疆棉》泥土里长出的云,怀抱般温柔;阳光的味道,是亲人的暖手;给我你成熟的微笑,绽放的嘴角和眼眸;蓬蓬松松的雪野,似花非花;情暖抵风雪,笑对霜打压。2021-3-26",Note 9 Pro 一亿像素,0,0,0,93
唯心独醉来了,来来来新疆棉专场,Redmi K20 Pro 尊享版,0,0,0,94
2021腰缠万贯,#新疆棉有多受欢迎# 快来看看我们新疆的棉花吧!棉质产品既保暖又舒服。支持新疆棉。,前后2000万 OPPO R11s,0,0,0,95
云梦养乐多自嗨锅旺仔牛奶,"#新疆棉有多受欢迎# 新疆棉特别受欢迎,自嗨锅大部分需要棉花制造的产品,质量又好,又是纯棉的。 真的很受欢迎",Android,0,0,0,96
给我一瓶旺仔牛奶好嘛,"#新疆棉有多受欢迎#支持国货啊,家里一直用的新疆棉,又柔软又舒服,性价比又高,赶快用起来啊 买到就是赚到",OPPO A72 5G,0,0,0,97
灵汐吖,薇娅直播间新疆棉制品真的很抢手,微博国际版,0,0,0,98
可爱加点糖2,"支持国产!国家利益高于一切,我支持新疆棉",Android,0,0,0,99
水中的養乐多,"#新疆棉有多受欢迎# 新疆的棉花真的非常得好。在直 播 间根本就是想买也买不到,支持新疆棉花,这么好怎么能不用呢?L娱圈前线的微博视频",iPhone客户端,0,0,0,100
喝养乐多第一名,"#新疆棉有多受欢迎#新疆棉花我们自己都不够用呢,必须是很受大家欢迎的,不然怎么可能不够用呢",,0,0,0,101
四号德芙巧克力,"#新疆棉有多受欢迎# 出来的衣服肯定也是特别的舒服,毕竟质量也是有保障的,我觉得这一下子必须得支持一下我们国家才可以呀!",nova 5i Pro,0,0,0,102
取名字真的好烦烦烦烦烦,"newbalance居然也反新疆棉,恨不得把我脚上的鞋子丢了//@一起神吐槽://@王尼玛:纯白无瑕的新疆棉花不容玷污//@暴走日报: //@钱老板是暴走脸: 我想听消音部分",HUAWEI P20,0,0,0,103
小豆包与豆包妈,致敬强国时代 红旗五区联动全国媒体武汉站 完美落幕!#红旗##支持新疆棉的国货品牌##汽车#靳东#红旗H9##旗迹中国##武汉# L小豆包与豆包妈的微博视频,微博视频号,4,1,1,104
鼠鼠的三楼实验室,"呀//@豢龙有道:我们家娃的篮球培训班已经贴公告了,支持新疆棉,反对BCI,运动场馆内涉BCI的体育用品一律贴标。",HUAWEI Mate30 Pro 5G,0,0,0,105
酒心可可的可可,#支持新疆棉的国货品牌# 请勿发布洋垃圾商品哈哈哈哈,iPhone客户端,0,0,0,106
李兔兔啊丶,赵猪猪#赵猪猪#黑暗虽浊流般涌来但光亮的地方半点玷污都不要想#支持新疆棉的国货品牌#,赵猪猪超话,0,0,0,107
我-黄胖子,"#薇娅直播间# #支持新疆棉的国货品牌# 哇哈,求锦鲤...",iPhone客户端,0,0,0,108
今天又又睡懒觉了吗,"新世界如果解约那就是港独+抵制新疆棉两个大罪,不用做中国人生意了",荣耀10 AI变色更潮美,0,0,0,109
城西小时候的记忆,#薇娅直播间# 月月期待的零食节来喽 支持新疆棉,HUAWEI Mate 30 5G,0,0,0,110
jduuds,"#新疆棉有多受欢迎# 感觉真的是完全不能用言语来形容新疆棉的好,不得不说那个做的袜子真的是超级温暖了,我家里都在用",微博极速版,0,0,0,111
湄欷,"我觉得新疆棉这件事上,那些表现得过分热情的ID,大家也要保持一定的警觉性。注意,不是说不应该热情,而是说“过分热情”。",iPhone XS,0,3,6,112
漆迹,支持国货支持李宁支持新疆棉! 2广州·天河城,Android,0,0,2,113
小汤圆和小奇妙,#薇娅直播间# #支持新疆棉的国货品牌# 期待薇娅!,nova8Pro我由我掌镜,0,0,0,114
must有钱的肖肖老婆,"#李宁官宣肖战#恭喜肖战,同时支持国货,支持新疆棉!@X玖少年团肖战DAYTOY",华为手机 畅享玩不停,0,0,0,115
骷髅candy,//@小李的无聊日常:笑死 这就是当代男子汉吧//@闲散第一: 不知道的还以为杨笠乳化、宝洁卫生巾抵制新疆棉呢,iPhone客户端,0,0,0,116
温度映话,"国货当自强,支持新疆长绒棉,温度映话2021工服坚决选用新疆棉,坚决抵制一切对中国抹黑的行为和言论。#让记忆从此变得有温度##支持新疆棉的国货品牌# 2西安·鑫源大都汇购物中心",HUAWEI P30,0,0,0,117
艺见集校务刘老师,肖战积极 肖战好学 肖战呆萌肖战忠心 肖战善良 肖战坚强肖战果断 肖战勇敢 肖战团结友爱深深的被你吸引了#肖战#[爱心]#肖战李宁运动潮流产品全球代言人##李宁官宣肖战##支持新疆棉的国货品牌# @X玖少年团肖战DAYTOY,vivo S9 极夜柔光自拍,0,0,0,118
你也喝旺仔牛奶吗iPad,"#新疆棉有多受欢迎#新 疆的棉花分成两类:细绒棉和长绒棉,长绒棉不仅仅是外在长度较长,内在方面也很优秀,多用于高端色织、家纺等高附加值纺织品及服装,所以我们要支持新 疆 棉",三星A8s黑瞳全视屏,0,0,0,119
你这么中二很好吗,"#新疆棉有多受欢迎#新 疆的棉花的确很不错啊,用它做的棉被特别软和",,0,0,0,120
小花吃养乐多旺仔牛奶和纯甄,"#新疆棉有多受欢迎# 我们自己种的棉花就是好自己。农民伯伯这么辛苦种的哪里会不好呢,真的是太骄傲和太自豪了呀。",HUAWEI nova 3i,1,0,0,121
不遲大大泡泡糖,"#新疆棉有多受欢迎# 以前去新疆的时候,感觉他们那种新疆长绒棉看起来真的是很不错呢,棉花的质量看着真的很是很好呢。",iPhone客户端,0,0,0,122
懵懵哒小丸子呀,"#新疆棉有多受欢迎#新疆棉可是好东西,它的受欢迎程度当然不低啦,我们国家自产自销都还不够呢,所以我们就先自己享用啦",iPhone 11,0,0,0,123
火腿蛋花粥,#支持新疆棉的国货品牌# #薇娅直播间#,HUAWEI Mate30 Pro 5G,0,0,0,124
成为无情小炒肉,回复@Enchantedyxy:一定要看的啊//@Enchantedyxy:一起去薇娅直播间听听新疆棉的故事吧! 评论配图,iPhone 12,0,0,0,125
不喝奶茶会死掉吗,"靠!!有蓝色新疆棉t穿了?(bushi//@任豪POI全球后援会:本次应援服交由专业团队设计制作,打样后公布。//@大耳朵猫jetaimebien:新应援服不先公布一下设计稿吗?",iPad mini,0,0,0,126
美加净日化,"#支持新疆棉力挺中国造# 国货当自强,我是美加净日化",微博 weibo.com,2,1,3,127
日照市义务工作者联合会,"【三十余家中国品牌接连发声,力挺新疆棉!】 O网页链接 @百度新闻",百度新闻客户端,0,0,1,128
悦悦想喝香飘飘奶茶了,"#新疆棉有多受欢迎# 我一直都觉得新疆的棉花质量特别的好,所以说看到,这么热闹的气氛,我心里面也是很开心的!国货永远是最棒的",微博极速版,0,0,0,129
朦胧就在刹那间,#赵立坚转发迪丽热巴解约声明# #支持新疆棉的国货品牌#,,0,0,0,130
草图君,"【支持国货】国牌七连抽第二天!昨晚看完你们说的我就去联系了!然后!!!你们要的李宁来了~李宁反伍新款T恤4件,其中有2件还未发售的款!!!!!都用了新疆棉!明天睡醒抽4⃣️位1⃣️人1⃣️件~🍻夸我~ O抽奖详情",,2562,2667,8035,131
-来一瓶养乐多吧,"#新疆棉有多受欢迎#新疆棉花真的特别饱满,看着就特别舒服!做出来的衣物肯定也很舒服!!支持新疆棉花!支持中国!拒绝抵制",iPhone 11,0,0,0,132
阳光的男孩热苏打,"#支持新疆棉的国货品牌# 支持中国品牌,恭喜肖战成为李宁品牌代言人,#肖战李宁运动潮流产品全球代言人# 2成都",OPPO Reno4 5G,0,0,0,133
爱吃旺仔小馒头的哈士奇,#新疆棉有多受欢迎# 昨天才知道原来新疆棉的产量我们自己都不够用的 身旁很多都用的是新疆棉 好东西原来就在我们身边L娱圈前线的微博视频,前置双摄vivo X9,0,0,0,134
不优秀奶黄包,聪明的国潮现在应该降价吧......发这个财又不光彩#支持新疆棉的国货品牌##理智抵制拒绝暴力#,vivo X60Pro 蔡司影像,0,0,0,135
心跳了哦,"新疆棉真的奈斯,质量很好",微博国际版,0,0,0,136
换个大房子,"#新疆棉有多受欢迎#新疆的气候特点适宜种棉花,所以新疆棉的质量是上乘的,做出来的棉制品错不了L娱圈前线的微博视频",微博视频号,0,0,0,137
艺见集校务刘老师,#支持新疆棉的国货品牌##肖战李宁运动潮流产品全球代言人##李宁官宣肖战# @X玖少年团肖战DAYTOY 肖战我喜欢你肖战正能量艺人正能量偶像肖战肖战我爱你肖战余生请多指教#肖战#[爱心]#肖战李宁运动潮流产品全球代言人#,vivo S9 极夜柔光自拍,0,0,0,138
琳同学__,"#新疆棉有多受欢迎# 新疆棉花真的是最好的棉花了,真是难抢啊 是很稀罕质量很好的东西,支持新疆棉花,支持国货。",新浪微博4G版,0,0,0,139
娱乐听我说,"#新疆棉有多受欢迎# 支持一下,他们不用是他们的损失,新疆棉花真的很受欢迎而且质量特别好,听到新疆的产棉量占了全世界的1/5时,真的好自豪 L观星娱乐的微博视频",微博视频号,79,39,55,140
春观百花冬观雪lll,"#新疆棉有多受欢迎# 说得对,新疆棉本来就是很好,品质一流的,是那些人不识货",Android,0,0,0,141
暖暖的花香呢,炸啦啦啦#支持新疆棉的国货品牌#,荣耀10 AI变色更潮美,0,0,0,142
温暖依然99,#薇娅直播间#转发好运。今晚直播间支持新疆棉,iPhone客户端,0,0,0,143
今天给立农打榜了吗,#我支持新疆棉花#和陈立农一起支持新疆棉花#支持新疆棉的国货品牌#,OPPO A11,0,0,1,144
小雨说旺仔牛奶养乐多好喝鸭,"#新疆棉有多受欢迎#哇塞,真的感到非常的骄傲,看到新疆棉这么受欢迎 ~我的很多衣服都是新疆棉做的,超级舒服,超级好",vivo Y30,0,0,0,145
面包小清纯,#新疆棉有多受欢迎#支持祖国 支持新疆棉花 2北京·晨曦园,iPad mini,0,0,0,146
山里的老司机爱喝旺仔牛奶,#新疆棉有多受欢迎# 今晚上看了薇娅我学到了太多关于新疆棉的知识了!,iPhone客户端,0,1,0,147
落叶小屋,薇娅直播间#支持新疆棉的国货品牌#,nova5Pro人像超级夜景,0,0,0,148
优奢易拍梁辰,#奢侈品鉴定师#中国工厂的春天不远了!#奢侈品##二手奢侈品##支持新疆棉的国货品牌# L优奢易拍梁辰的微博视频,微博视频号,5,1,53,149
Egowwg,"#耐克阿迪股价大跌#也不是说替Nike、Adidas洗白之类的。毕竟如果新疆棉事件往不好的方向发展,那么自己为数不多的爱好之一球鞋可能就要受到重创了,那真是一件挺难过的事情...我觉得这件事情更多的是政治斗争吧,还是希望大家要理性,也希望Nike之类哪怕装样子也出来道个歉啥的,虽说国产鞋在性能上完全不落后,但是Aj、Yeezy、dunk这些在鞋狗心中着实还是很有分量的,放弃了它们总觉得心里会空荡荡的吧。最后,国家尊严不容侵犯,国家形象不容抹黑,中国能发展到今天这样,真的是一代代人用血肉换来的,中国真的很棒,中国人民真的很棒[呲牙] 2杭州 收起全文d",iPhone客户端,0,0,0,150
烊烊洒洒的烊光4,"#新疆棉有多受欢迎#我国作为世界最大的棉花消费国、第二大棉花生产国,新疆棉产量520万吨,占国内产量比重约87%,占国内消费比重约67%,年度缺口约185万吨。新疆的长绒棉,是世界顶级,做衣被,暖和、透气、舒适,长年供不应求。",微博极速版,0,0,0,151
杨小彬1特抱抱微信直播,#薇娅直播间# #薇娅双十一直播# #支持新疆棉的国货品牌# 加油,HUAWEI P30 Pro,0,0,0,152
大聚元生态农业,"晚安,祝您生活甜蜜!#学生时代记忆最深刻的游戏##生活的可爱瞬间##快速找对象的方式##如何委婉的让朋友还钱##春季风景摄影大赛##微店##对你上心了##成年人幸福的要素##支持新疆棉的国货品牌##学生时代记忆最深刻的游戏##漫画腰挑战##小朋友的灵气是怎么消退的##上大学和没上大学有什么区别##哥斯拉大战金刚口碑##好老师该具备哪些素质##如何评价姐姐四公选曲##自然风光🌸# 每一滴都是大自然的馈赠!#肖战##支持新疆棉的国货品牌##你镜头下的春天有多美好# 新裝上市 原生态蜂蜜 枣花蜜 500克装 养生佳品! 收起全文d",Nokia X6 越级体验,0,1,0,153
子叶橙子,"#新疆棉有多受欢迎# 新疆棉的质量绝对是有保障的,一直很喜欢买新疆棉的衣服,很舒适",nova5Pro人像超级夜景,0,5,0,154
都不要惹我好嘛,赶紧来薇娅直播间了解新疆棉的知识,小米Max3 大屏大电量,0,0,0,155
凰不理凤,#支持新疆棉的国货品牌# 2重庆,荣耀X10 5G,0,0,0,156
哒哒Biu巛,#薇娅直播间#支持新疆棉,iPhone客户端,0,0,0,157
豢龙有道,"我们家娃的篮球培训班已经贴公告了,支持新疆棉,反对BCI,运动场馆内涉BCI的体育用品一律贴标。",荣耀30 5G,10,10,32,158
小梨子也,"//@有琴羽_:毛巾的话还有阿里巴巴的孚日集团股份有限公司//@有琴羽_:阿里巴巴的南通素艺家居用品有限公司,青岛尚家尚品纺织有限公司,淘宝的尉犁特产商城,都很多新疆棉制品,而且价格便宜质量好,就是阿里巴巴一般需要多凑点东西才会发",iPhone客户端,0,0,0,159
养乐多和旺仔牛奶是永远的神,"#新疆棉有多受欢迎# 之前就买过很多新疆棉制的衣服和被子,棉花真的是特别柔软。穿在身上特别舒服。",前后2000万 OPPO R11s,0,0,1,160
阿萨姆奶茶手上拿,"#新疆棉有多受欢迎# 我觉得用新疆棉做出来的东西真的是很暖和呢,保暖性不错,而且也很耐穿,很吸汗,很柔肤呢。",iPhone客户端,0,0,0,161
怦怦怦吧,"新疆棉花很软,中国人很硬。#支持新疆棉的国货品牌#",小米11,0,0,1,162
漫天翔海,博君一肖我愿意为你翻山越岭我愿意为你化作春雨守护你爱你们感恩一切遇见!!#支持新疆棉的国货品牌##并肩于雪山之巅博君一肖#,博君一肖超话,0,0,0,163
德芙纯甄是养乐多奥利奥旺仔牛奶,"#新疆棉有多受欢迎# 新疆果然是一个人杰地灵的地方呀,那里产的好多东西都很不错,下次让我新疆的好朋友给我带一些新疆的棉花来。",HUAWEI nova 3i,0,0,0,164
爱睡觉的猫_Ci,有国才有家。支持新疆棉。#宝宝的少女心#,iPhone客户端,0,0,0,165
小哇的美好era,#支持新疆棉的国货品牌# @薇娅viyaaa,HUAWEI P40 5G,0,0,0,166
芋头小奶茶,"回复@上海时装周:一起为新疆棉花打call//@上海时装周:支持佳琦!上海时装周与佳琦一起为新疆棉花打call,温暖助力时尚可持续!//@李佳琦Austin:佳琦4月初会参加上海时装周,并举行新疆长绒棉产品公益义卖,以实际行动支持新疆棉,持续推动公益环保项目#我支持新疆棉花#",Android,0,0,0,167
喝旺仔牛奶养乐多,"#新疆棉有多受欢迎# 我真的非常喜欢新疆棉制品了,衣服穿起来都很舒服,支持新疆棉,买起来!!",iPhone客户端,0,0,0,168
我不信无声的和谐-,"阿迪耐克道歉之前不会再买了HM那辣鸡质量都是什么货色我都不稀得穿还抵制新疆棉,要说你是用的新疆棉我都觉得是侮辱了新疆棉逛了一下李宁的走秀款 很好看啊,我以前为什么没发现?激情消费了李宁的卫衣 我真的非常容易被煽动呢",iPhone客户端,0,11,35,169
草木-caomu,以后直接韩都衣舍//@时代少年团:#我支持新疆棉花# #支持新疆棉的国货品牌# #我支持新疆棉花#,荣耀8青春版 颜值担当,0,0,0,170
晴天大大泡泡糖,"#新疆棉有多受欢迎# 我现在看到白花花的新疆棉花感觉可太亲切了,完全有被薇娅科普到,质量这么好受欢迎也是应该的",新浪微博4G版,0,0,0,171
种草藏宝阁,"#我的第一条微博# #支持新疆棉的国货品牌# #失去中国市场会对品牌造成多大影响# #新疆棉花为什么重要#李宁雄起#李宁板鞋品牌女鞋官方旗舰店2021春季最新款轻便官网中高帮运动鞋我种草了分享给你们! 青春活力,满满的少女感!配色有两款:雪白色/熏香杏(米奇主题配色);雪白色/新极光蓝。舒服轻便,百搭,时尚还休闲~券后价: 293元 ps: 原价298元 收起全文d",微博 weibo.com,0,2,2,172
穿背带裤的马里奥德赛,"#新疆棉有多受欢迎#我一直都有在用新疆棉的产品!质量和手感都是妥妥的,完全让人感到舒适!耐心细致的讲解也非常的棒!",iPhone客户端,0,0,0,173
今天喝养乐多了呀,"#新疆棉有多受欢迎#我爸真的超喜欢新疆棉花做的袜子,就特别暖和,我妈就很喜欢新疆被子,而且还要推荐给亲戚朋友。",微博国际版,0,0,0,174
不人云亦云2013,"两位国货之光强强联合,借势而起,实现中国气质的世界时尚文化输出!#不人云亦云2013# |#李宁官宣肖战# |#肖战李宁运动潮流产品全球代言人# |#李宁把新疆棉写在标签上# O李宁官宣肖战代言人,中国潮牌与本土优质偶像强强联合,引领时尚输出",,79,101,3414,175
宁宁小朋友真淘气拉面说,"#新疆棉有多受欢迎# 新疆棉的质量真的是很优秀的呀,不仅仅因为是国货就这高质量高品质的优质棉花一定要多多得去推广啊!",荣耀 9X,0,0,0,176
费费本费,"#李宁官宣肖战##肖战##支持新疆棉的国货品牌#演绎多种角色,以运动点燃热情战放无限可能支持国货支持李宁支持正能量青年演员肖战",HUAWEI Mate30 Pro 5G,0,0,1,177
橘子弹珠汽水嗷喵呜咩,"紧跟趋势//@MellowDeep金在奂中文首站:与厂家约定,本睡衣特典将全部采用新疆棉布料制作。 查看图片",iPhone客户端,0,0,0,178
吴所谓拉x,支持新疆棉呀!//@古子成_:#我支持新疆棉花# 新疆棉花👍,vivo X50专业影像旗舰,0,0,0,179
你怎么不喝养乐多呢,"#汪涵安利新疆长绒棉#原来涵哥一直在默默支持国货呀没想到涵哥早就在直播间安利过新疆棉的,涵哥真的是特别用心的在带货了,我也感觉新疆棉特别舒服支持新疆棉",荣耀 9X,0,0,0,180
阿萨姆奶茶洒了一脚,"#新疆棉有多受欢迎# 新疆棉真的是很不错呢,感觉现在的很多产品系列中都有都有新疆棉呢,真的是支持新疆棉了。",iPhone客户端,0,0,0,181
缪缪MWX,#我为什么支持新疆棉# //@庄达菲要一直努力:#我支持新疆棉花#,ZCN ZDFAndroid,0,0,0,182
姨妈爱小九,这次倒是了解了不少新疆棉的知识了,iPhone客户端,0,0,0,183
小白云晴空万里,"#新疆棉有多受欢迎#原来这个居然这么棒这么给力呀,不得不佩服赞了",iPhone客户端,0,0,0,184
在街角的开水店鸭,"#新疆棉有多受欢迎#认真的说都说新疆棉我们自己总都还不够用呢,一起支持新疆棉!真的是很仔细的科普啦,爱了为你点赞哦⊙∀⊙!",Android,0,0,0,185
痛的痛的都飞走了_,"#新疆棉有多受欢迎# 新疆长绒棉本来就很好的,也不知道那些牌子脑子有坑还是咋的。我疯狂支持新疆棉花,支持国货",,0,0,0,186
文兴芝罘,新疆棉真的很好啊 质量好 薇娅也是正能量满满啊太赞了,小米CC9,0,0,0,187
彩色的迷你可爱大大云朵,"#新疆棉有多受欢迎#这样的好物分享实在太喜欢了,越来越喜欢女神ฅ(♡ơ 3ơ)ฅ了",,0,0,0,188
一见就倾心的养乐多呀,"#新疆棉有多受欢迎#我们的棉花超级棒!!明眼人都喜欢~质量也很好,而且如此多的产量也不愁卖~我也要多多入手啦L娱圈前线的微博视频",Android,0,0,0,189
小猪葵的奇妙环游记606,"#新疆棉有多受欢迎#哎!!我没抢到,真是太受欢迎了!用了新疆棉的产品质量肯定高,谁看了不想买啊!",微博国际版,0,1,0,190
是小七没错啊,"薇娅好棒啊,这个新疆棉制品专场真的有心了",红米Note7 4800万相机,0,0,0,191
窗口他的猫在闪耀,"#新疆棉有多受欢迎# 走过路过别错过,我们新疆棉的质量绝对是顶好的,选择新疆棉就没错啦!",nova5Pro人像超级夜景,0,0,0,192
目的地zz,"有些团队还蛮有谋略的,想方设法让品牌方做出让步,发布支持新疆棉的声明,这样合作能保住也不至于损失太多。之前有个采访mww说过,“演艺圈和金融圈都汇集了大量的聪明人,汇集最多利益的地方,一定会高浓度汇集最多聪明人。” 没错。O里乱归乱情商高的也不少,现在能够被看到的被一直记住的艺人,除了有人格魅力 狼性 野心 还要有全方位的素质,同时会置换拎得清自己要放弃什么得到什么。补充一点,情绪管理能力也非常厉害,就是抗压,不掉进舆论的漩涡。 收起全文d",微博国际版,0,0,0,193
奥利奥味养乐多旺仔牛奶和纯甄,"#新疆棉有多受欢迎# 哇塞,我们新疆的棉花居然这么受欢迎啊。其实啊,我们国产的棉花就是最好最棒的,我们一定要支持我们自己的棉花",微博极速版,0,0,0,194
甜心女孩大大泡泡糖,"#新疆棉有多受欢迎#看了薇娅的普及,才知道新疆棉原来这么好。以后我就认准新疆棉了,质量真的没话说。L娱圈前线的微博视频",iPhone客户端,0,0,0,195
冰菓苗木,"#新疆棉有多受欢迎#我们新疆的棉花这么好呀!又柔软又舒适,冲冲冲 必抢到 这个袜子看起来就质量很好",华为手机 畅享玩不停,0,0,0,196
Momokodoki,"唉//@想看甜剧啊:这些只能郭嘉出手的,只能买的渠道没有了才没人买,靠底层自觉不可能的。你看亚马逊直接下架所有新疆棉。",iPhone客户端,0,0,0,197
抹茶香芋啵啵,"新疆棉花质量就是很好的,希望以后直播间还会有新疆棉的产品",Android,0,0,0,198
滟曦金,"#李宁官宣肖战# xz 终于买到了,好多人抢货啊。#支持新疆棉的国货品牌#",HUAWEI Mate 30 5G,0,0,0,199
芝芝加奈,"#新疆棉有多受欢迎#还有人没有去看科普吗,非常有意义的了!新疆棉的优秀,是大家都为之认可的,看看这受欢迎的,再不抓紧点,一件都抢不到了",iPhone XS Max,0,0,0,200
O泡果奶一起O泡,//@蓝莓软糖pep:他们说是新疆棉是新疆地区非法雇佣、压榨采棉工人 迫使采棉工人劳动 他们不用压榨劳动力下的产物就他妈离谱 跟些sb一样,Redmi 10X 全芯超越,0,0,0,201
开心好奇宝,"直播间里,新疆棉质量不但好,而且物品样式也很漂亮",nova5Pro人像超级夜景,0,0,0,202
wyiiiixxkkk_,支持新疆棉!我刚刚分享了一场淘宝直播 O网页链接,iPhone客户端,0,0,0,203
叮叮叮咛梆,"新疆棉的穿起来很定很舒服,很柔软",微博国际版,0,0,0,204
